,City,Lat,Lng,Max Temp,Humidity,Cloudiness,Wind Speed,Country,Current Description
0,Bartica,6.4,-58.6167,75.2,94,40,6.91,GY,scattered clouds
1,Bowen,-20.0167,148.2333,82.4,69,40,17.27,AU,scattered clouds
2,Cape Town,-33.9258,18.4232,70.0,83,40,9.22,ZA,scattered clouds
3,Kuching,1.55,110.3333,73.4,100,40,2.3,MY,moderate rain
4,Bethel,41.3712,-73.414,17.6,45,1,9.22,US,clear sky
5,Kapaa,22.0752,-159.319,77.0,69,75,19.57,US,broken clouds
6,Port Elizabeth,-33.918,25.5701,62.6,82,0,5.75,ZA,clear sky
7,East London,-33.0153,27.9116,71.02,67,18,2.21,ZA,few clouds
8,Hofn,64.2539,-15.2082,30.97,89,57,6.02,IS,broken clouds
9,Mataura,-46.1927,168.8643,61.59,50,23,2.66,NZ,few clouds
10,Itimadpur,27.25,78.2,47.32,51,0,5.91,IN,clear sky
11,Victoria,22.2855,114.1577,59.0,71,0,3.0,HK,clear sky
12,Petauke,-14.2426,31.3253,67.59,97,100,2.53,ZM,overcast clouds
13,Pisco,-13.7,-76.2167,73.4,73,0,18.41,PE,clear sky
14,Xichang,27.8964,102.2634,37.11,79,6,1.54,CN,clear sky
15,Severo-Kurilsk,50.6789,156.125,21.83,92,99,14.32,RU,overcast clouds
16,Rikitea,-23.1203,-134.9692,80.26,66,71,7.38,PF,broken clouds
17,Aksu,41.1231,80.2644,18.34,84,0,4.21,CN,clear sky
18,Pangai,-19.8,-174.35,80.6,83,75,9.22,TO,light rain
19,Sovetskaya Gavan,48.9723,140.2878,6.46,92,100,7.81,RU,overcast clouds
20,Ojuelos De Jalisco,21.8667,-101.5833,68.67,25,68,6.35,MX,broken clouds
21,Port Alfred,-33.5906,26.891,64.99,87,3,1.01,ZA,clear sky
22,Ponta Do Sol,32.6667,-17.1,60.8,82,40,9.22,PT,scattered clouds
23,Georgetown,5.4112,100.3354,78.01,83,20,4.61,MY,few clouds
24,Avarua,-21.2078,-159.775,84.2,70,69,10.36,CK,broken clouds
25,Hobart,-42.8794,147.3294,73.99,68,20,10.36,AU,few clouds
26,Bluff,-46.6,168.3333,53.78,66,78,2.8,NZ,broken clouds
27,Saint-Pierre,-21.3393,55.4781,77.0,65,0,6.91,RE,clear sky
28,Pangnirtung,66.1451,-65.7125,-9.4,77,1,1.59,CA,clear sky
29,Klaksvik,62.2266,-6.589,32.0,74,90,2.3,FO,overcast clouds
30,Kenai,60.5544,-151.2583,26.01,86,90,8.12,US,overcast clouds
31,Albany,42.6001,-73.9662,14.0,68,46,1.01,US,scattered clouds
32,Cam Ranh,11.9214,109.1591,71.6,64,20,8.05,VN,few clouds
33,Diego De Almagro,-26.3667,-70.05,74.39,27,0,8.77,CL,clear sky
34,San Cristobal,7.7669,-72.225,80.6,69,40,8.05,VE,scattered clouds
35,Ostrovnoy,68.0531,39.5131,7.99,93,100,19.08,RU,overcast clouds
36,Mahebourg,-20.4081,57.7,80.6,78,40,6.91,MU,light rain
37,Naze,28.3667,129.4833,53.6,54,75,9.22,JP,broken clouds
38,Atuona,-9.8,-139.0333,78.62,76,5,19.53,PF,clear sky
39,Longyearbyen,78.2186,15.6401,-0.4,55,20,25.32,SJ,few clouds
40,Lima,-12.0432,-77.0282,73.99,68,0,13.8,PE,clear sky
41,Saskylakh,71.9167,114.0833,-38.52,78,35,0.27,RU,scattered clouds
42,Kruisfontein,-34.0033,24.7314,60.01,86,9,2.98,ZA,clear sky
43,Olafsvik,64.8945,-23.7142,32.4,96,100,3.91,IS,light snow
44,Tateyama,34.9833,139.8667,41.0,52,20,4.61,JP,few clouds
45,Fairlie,55.756,-4.8556,35.01,88,42,16.84,GB,scattered clouds
46,Dunyapur,29.7995,71.7196,46.4,81,0,0.85,PK,mist
47,Yellowknife,62.456,-114.3525,-15.0,76,20,6.91,CA,few clouds
48,Husavik,66.0449,-17.3389,28.4,80,90,3.44,IS,overcast clouds
49,Laguna,38.421,-121.4238,53.01,71,90,0.43,US,overcast clouds
50,San Andres,12.5847,-81.7006,82.4,69,20,11.5,CO,few clouds
51,Nemuro,43.3236,145.575,28.27,98,100,10.11,JP,light snow
52,Tucuma,-0.1833,-50.05,77.65,89,100,9.22,BR,overcast clouds
53,Dikson,73.5069,80.5464,-32.48,85,99,6.91,RU,overcast clouds
54,Canton,23.1167,113.25,55.99,82,0,4.47,CN,clear sky
55,Matay,28.419,30.7792,42.93,65,0,2.73,EG,clear sky
56,Bredasdorp,-34.5322,20.0403,61.0,90,63,4.09,ZA,broken clouds
57,Springbok,-29.6643,17.8865,60.73,32,0,3.58,ZA,clear sky
58,Karratha,-20.7377,116.8463,82.78,72,59,4.38,AU,light rain
59,Burns Lake,54.2331,-125.7533,12.2,73,100,3.44,CA,overcast clouds
60,Mar Del Plata,-38.0023,-57.5575,73.4,68,0,8.05,AR,clear sky
61,Hildburghausen,50.4255,10.7318,43.0,99,76,10.2,DE,broken clouds
62,Tuktoyaktuk,69.4541,-133.0374,-34.6,67,20,2.3,CA,few clouds
63,Port Hardy,50.6996,-127.4199,42.8,87,90,18.41,CA,light rain
64,Bredy,52.4153,60.3411,14.32,96,100,7.7,RU,overcast clouds
65,Terrasini,38.146,13.0844,60.8,72,86,14.97,IT,overcast clouds
66,Lorengau,-2.0226,147.2712,84.58,73,98,10.45,PG,overcast clouds
67,Buchanan,5.8808,-10.0467,77.0,94,40,6.91,LR,scattered clouds
68,Linjiang,41.8069,126.9078,5.34,90,100,1.7,CN,light snow
69,New Norfolk,-42.7826,147.0587,73.99,73,52,1.01,AU,broken clouds
70,Torbay,47.6666,-52.7314,28.0,93,90,21.85,CA,light snow
71,Busselton,-33.65,115.3333,64.99,76,0,7.0,AU,clear sky
72,Cheremukhovo,60.3484,59.9851,-11.45,89,100,6.91,RU,overcast clouds
73,Ushuaia,-54.8,-68.3,42.8,75,75,21.85,AR,broken clouds
74,Hilo,19.7297,-155.09,71.6,83,75,6.91,US,moderate rain
75,Cockburn Town,21.4612,-71.1419,71.6,56,75,17.27,TC,broken clouds
76,Sumbe,-11.2061,13.8437,75.13,84,100,6.93,AO,overcast clouds
77,Khatanga,71.9667,102.5,-43.29,74,0,3.53,RU,clear sky
78,Saint-Philippe,-21.3585,55.7679,77.0,65,0,6.91,RE,clear sky
79,Gat,31.61,34.7642,55.99,100,23,3.0,IL,few clouds
80,Sioux Lookout,50.1001,-91.917,12.2,67,75,3.44,CA,broken clouds
81,Yerbogachen,61.2767,108.0108,-44.46,78,52,5.46,RU,broken clouds
82,Tabou,4.423,-7.3528,77.68,87,81,5.97,CI,broken clouds
83,Puerto Ayora,-0.7393,-90.3518,84.2,70,40,12.66,EC,light rain
84,Selma,36.5708,-119.6121,55.99,67,20,3.44,US,few clouds
85,Hermanus,-34.4187,19.2345,61.0,90,79,5.01,ZA,broken clouds
86,Ixtapa,20.7,-105.2,75.2,78,40,11.5,MX,scattered clouds
87,Panaba,21.2833,-88.2667,71.46,71,32,12.86,MX,scattered clouds
88,Arraial Do Cabo,-22.9661,-42.0278,78.44,81,51,27.38,BR,broken clouds
89,Severnoye,56.3491,78.3619,-5.22,90,100,7.09,RU,overcast clouds
90,Oktyabrskiy,54.4815,53.471,26.22,98,99,8.28,RU,overcast clouds
91,Phalombe,-15.8064,35.6507,68.41,92,99,2.13,MW,overcast clouds
92,Mehamn,71.0357,27.8492,23.0,74,75,8.05,NO,light snow
93,Kavaratti,10.5669,72.642,80.15,73,13,10.18,IN,few clouds
94,Manokwari,-0.8667,134.0833,79.63,75,100,4.99,ID,overcast clouds
95,Taoudenni,22.6783,-3.9836,71.17,22,0,12.53,ML,clear sky
96,Quatre Cocos,-20.2078,57.7625,80.6,78,40,6.91,MU,scattered clouds
97,Vaini,-21.2,-175.2,75.2,100,90,13.8,TO,moderate rain
98,Vila Do Maio,15.1333,-23.2167,73.4,56,75,19.57,CV,broken clouds
99,San Quintin,30.4833,-115.95,59.67,63,40,14.2,MX,scattered clouds
100,Barrow,71.2906,-156.7887,-11.2,77,90,6.91,US,overcast clouds
101,High Level,58.5169,-117.136,-7.6,84,20,2.3,CA,few clouds
102,Chumikan,54.7183,135.315,-13.97,88,100,10.71,RU,overcast clouds
103,Trollhattan,58.2333,12.4167,24.8,85,0,3.44,SE,clear sky
104,Tuatapere,-46.1333,167.6833,60.1,49,3,3.94,NZ,clear sky
105,Porto Walter,-8.2686,-72.7439,79.09,85,37,3.47,BR,moderate rain
106,Punta Arenas,-53.15,-70.9167,50.0,57,0,21.85,CL,clear sky
107,New Glasgow,45.5834,-62.6486,28.4,86,100,21.85,CA,light snow
108,Polson,47.6936,-114.1632,35.01,59,95,0.81,US,overcast clouds
109,Souillac,-20.5167,57.5167,80.6,78,40,6.91,MU,light rain
110,Butaritari,3.0707,172.7902,80.78,74,95,16.71,KI,overcast clouds
111,San Patricio,28.017,-97.5169,73.4,60,75,17.27,US,broken clouds
112,Henties Bay,-22.116,14.2845,66.99,84,32,7.38,NA,scattered clouds
113,Leningradskiy,69.3833,178.4167,-23.82,84,98,8.93,RU,overcast clouds
114,Bunbury,-33.3333,115.6333,61.0,81,0,1.99,AU,clear sky
115,Edd,13.9297,41.6925,75.33,36,0,10.04,ER,clear sky
116,Hamilton,39.1834,-84.5333,30.99,59,1,4.61,US,clear sky
117,Walvis Bay,-22.9575,14.5053,66.99,77,68,6.91,NA,broken clouds
118,Aklavik,68.2191,-135.0107,-31.0,75,75,2.3,CA,broken clouds
119,Loreto,22.2667,-101.9667,70.0,24,82,2.37,MX,broken clouds
120,Marsh Harbour,26.5412,-77.0636,65.86,66,88,16.06,BS,overcast clouds
121,Hauterive,46.0901,3.4459,50.0,57,0,3.44,FR,clear sky
122,Tautira,-17.7333,-149.15,84.2,65,20,14.97,PF,moderate rain
123,Balod,20.73,81.2047,58.78,67,17,5.37,IN,few clouds
124,Korla,41.7597,86.1469,21.54,83,0,3.15,CN,clear sky
125,Upernavik,72.7868,-56.1549,-7.56,83,72,11.7,GL,broken clouds
126,Kodiak,57.79,-152.4072,35.6,64,20,12.66,US,few clouds
127,Biltine,14.5333,20.9167,69.39,23,42,17.27,TD,scattered clouds
128,Coahuayana,18.7333,-103.6833,84.2,54,75,4.5,MX,broken clouds
129,Juan Lacaze,-34.4342,-57.4381,80.6,47,40,5.75,UY,scattered clouds
130,Sitka,57.0531,-135.33,37.4,52,90,9.22,US,overcast clouds
131,Santa Maria,-29.6842,-53.8069,75.2,94,75,4.61,BR,heavy intensity rain
132,Broken Hill,-31.95,141.4333,69.8,56,3,19.57,AU,clear sky
133,Faya,18.3851,42.4509,59.0,38,0,5.75,SA,clear sky
134,Sidi Ali,36.0998,0.4206,56.89,79,0,7.7,DZ,clear sky
135,Jamestown,42.097,-79.2353,21.0,86,90,12.66,US,light snow
136,Weiser,44.251,-116.9693,46.4,71,90,6.91,US,overcast clouds
137,Nikolskoye,59.7035,30.7861,33.01,93,90,8.95,RU,light snow
138,Srednekolymsk,67.45,153.6833,-31.95,83,100,2.42,RU,overcast clouds
139,Tomatlan,19.9333,-105.25,92.71,24,65,14.65,MX,broken clouds
140,Hithadhoo,-0.6,73.0833,81.21,76,56,9.78,MV,broken clouds
141,Erzin,36.9559,36.2,44.01,74,0,7.0,TR,clear sky
142,Luanda,-8.8368,13.2343,80.6,78,20,5.75,AO,few clouds
143,Missoula,47.0166,-113.8009,37.4,81,20,2.71,US,few clouds
144,Castro,-24.7911,-50.0119,65.46,97,98,2.48,BR,overcast clouds
145,Nome,64.5011,-165.4064,1.4,66,40,18.41,US,scattered clouds
146,Arman,59.7,150.1667,-17.3,78,34,11.05,RU,scattered clouds
147,Tasiilaq,65.6145,-37.6368,15.8,73,90,27.63,GL,overcast clouds
148,Baracoa,20.3467,-74.4958,70.93,79,94,11.61,CU,overcast clouds
149,Esperance,-33.8667,121.9,60.8,82,0,8.05,AU,clear sky
150,Coihaique,-45.5752,-72.0662,60.8,41,0,10.36,CL,clear sky
151,Vilyuysk,63.7553,121.6247,-46.07,77,97,2.46,RU,overcast clouds
152,Lakes Entrance,-37.8811,147.981,66.99,84,89,3.0,AU,overcast clouds
153,Svetlaya,46.5389,138.3297,3.67,91,100,13.89,RU,overcast clouds
154,Lata,40.1629,-8.3327,57.99,94,100,1.99,PT,overcast clouds
155,Kaitangata,-46.2817,169.8464,59.0,68,82,7.0,NZ,broken clouds
156,Port-Gentil,-0.7193,8.7815,78.8,89,20,5.75,GA,light rain
157,Liaozhong,41.5061,122.7242,6.8,78,0,4.47,CN,clear sky
158,Lavrentiya,65.5833,-171.0,-15.66,81,0,11.97,RU,clear sky
159,Cherskiy,68.75,161.3,-33.38,83,28,4.25,RU,scattered clouds
160,Mocuba,-16.8392,36.9856,73.72,98,100,2.24,MZ,overcast clouds
161,Havre-Saint-Pierre,50.2334,-63.5986,12.2,67,1,6.91,CA,clear sky
162,Cortez,37.3489,-108.5859,42.8,45,90,10.36,US,overcast clouds
163,Poros,37.4994,23.4536,55.99,100,90,9.57,GR,overcast clouds
164,Carnarvon,-24.8667,113.6333,80.6,61,1,4.61,AU,clear sky
165,Yumen,40.2833,97.2,20.62,73,0,15.5,CN,clear sky
166,Beringovskiy,63.05,179.3167,-15.7,84,9,10.13,RU,clear sky
167,Jasper,37.2001,-94.3502,51.8,43,1,12.66,US,clear sky
168,Auki,-8.7676,160.7034,82.36,81,100,10.45,SB,overcast clouds
169,Ankang,32.68,109.0172,42.51,61,41,1.21,CN,scattered clouds
170,Pacific Grove,36.6177,-121.9166,55.4,62,20,6.91,US,few clouds
171,Oussouye,12.485,-16.5469,73.4,73,0,6.91,SN,clear sky
172,Westport,41.1415,-73.3579,21.99,45,1,11.5,US,clear sky
173,Balkanabat,39.5108,54.3671,49.1,50,68,1.5,TM,broken clouds
174,Talcahuano,-36.7167,-73.1167,59.0,100,90,8.05,CL,mist
175,Saldanha,-33.0117,17.9442,64.27,91,0,10.2,ZA,clear sky
176,Clyde River,70.4692,-68.5914,-16.6,76,1,11.5,CA,clear sky
177,Balabac,7.9868,117.0645,80.42,79,67,20.74,PH,broken clouds
178,Port Blair,11.6667,92.75,78.66,81,50,6.98,IN,scattered clouds
179,Krylovskaya,46.3194,39.9711,36.01,84,96,12.17,RU,overcast clouds
180,Trincomalee,8.5711,81.2335,78.51,84,87,13.31,LK,overcast clouds
181,Provideniya,64.3833,-173.3,-6.38,81,87,7.07,RU,overcast clouds
182,Katherine,-14.4667,132.2667,80.6,83,40,8.05,AU,scattered clouds
183,Omboue,-1.5746,9.2618,78.39,89,100,5.46,GA,light rain
184,Wanning,18.8003,110.3967,65.01,85,81,6.6,CN,broken clouds
185,Isangel,-19.55,169.2667,84.2,70,20,16.75,VU,few clouds
186,Axim,4.8699,-2.2405,78.24,86,60,3.33,GH,light rain
187,La Ronge,55.1001,-105.2842,8.6,85,100,4.61,CA,overcast clouds
188,Anadyr,64.75,177.4833,-22.0,76,0,6.71,RU,clear sky
189,Kimbe,-5.5502,150.1429,82.8,80,95,5.37,PG,moderate rain
190,Zawadzkie,50.605,18.4847,28.0,96,100,1.39,PL,overcast clouds
191,Margate,51.3813,1.3862,46.0,85,99,1.01,GB,overcast clouds
192,Dubbo,-32.25,148.6167,75.2,73,90,12.66,AU,overcast clouds
193,Norman Wells,65.282,-126.8329,-29.2,75,20,2.3,CA,few clouds
194,Lubango,-14.9172,13.4925,58.93,75,81,4.12,AO,light rain
195,Kanigoro,-8.13,112.219,73.38,90,100,7.23,ID,moderate rain
196,Dhana,23.75,78.85,46.53,52,0,3.53,IN,clear sky
197,Los Llanos De Aridane,28.6585,-17.9182,66.2,88,75,8.05,ES,broken clouds
198,Quime,-16.9833,-67.2167,54.91,71,84,1.66,BO,broken clouds
199,Novichikha,52.204,81.3877,15.21,96,89,11.68,RU,overcast clouds
200,Payakumbuh,-0.2202,100.6308,69.93,89,100,1.28,ID,overcast clouds
201,Ancud,-41.8697,-73.8203,62.01,55,0,10.36,CL,clear sky
202,Mananjary,-21.2167,48.3333,76.6,86,0,4.5,MG,light rain
203,Half Moon Bay,37.4636,-122.4286,55.4,66,1,5.75,US,clear sky
204,Khorramshahr,30.4397,48.1664,62.6,51,0,9.22,IR,clear sky
205,Alofi,-19.0595,-169.9187,80.6,78,100,10.36,NU,moderate rain
206,Nueve De Julio,-35.4444,-60.8831,82.0,41,84,1.01,AR,broken clouds
207,Bambanglipuro,-7.95,110.2833,75.49,89,100,5.84,ID,moderate rain
208,Snezhnogorsk,69.1933,33.2531,6.8,85,75,2.24,RU,light snow
209,Shubarshi,48.5872,57.1869,20.88,96,100,8.05,KZ,overcast clouds
210,Conde,-7.2597,-34.9075,80.6,78,20,8.05,BR,few clouds
211,Lebu,-37.6167,-73.65,57.97,91,95,4.0,CL,overcast clouds
212,Pochutla,15.7432,-96.4661,93.2,36,40,8.05,MX,scattered clouds
213,Vila Velha,-20.3297,-40.2925,78.8,78,0,18.41,BR,clear sky
214,Bermejo,-32.8833,-68.8,86.0,28,0,3.44,AR,clear sky
215,Aketi,2.7388,23.7833,71.42,86,85,1.54,CD,overcast clouds
216,Beloha,-25.1667,45.05,76.1,87,31,7.27,MG,scattered clouds
217,Skjervoy,70.0311,20.9714,15.17,91,0,17.27,NO,clear sky
218,Chokurdakh,70.6333,147.9167,-25.26,86,100,7.4,RU,overcast clouds
219,Shetpe,44.1667,52.1167,29.8,95,12,3.44,KZ,few clouds
220,Adrar,20.5022,-10.0711,67.14,23,0,10.25,MR,clear sky
221,Yar-Sale,66.8333,70.8333,-41.24,80,16,3.47,RU,few clouds
222,Cidreira,-30.1811,-50.2056,76.87,88,74,8.95,BR,broken clouds
223,Narsaq,60.9167,-46.05,44.6,29,75,24.16,GL,broken clouds
224,Camopi,3.1655,-52.3158,73.35,97,99,3.11,GF,moderate rain
225,Tchollire,8.4022,14.1698,71.8,22,1,1.19,CM,clear sky
226,Bukama,-9.2,25.85,69.39,89,70,2.24,CD,broken clouds
227,Rio Gallegos,-51.6226,-69.2181,50.0,50,40,26.46,AR,scattered clouds
228,Himare,40.1017,19.7447,60.01,96,100,1.99,AL,overcast clouds
229,Iqaluit,63.7506,-68.5145,-13.0,77,90,31.07,CA,snow
230,Kahului,20.8947,-156.47,80.6,54,20,24.16,US,few clouds
231,Hovd,48.0056,91.6419,11.28,80,100,0.49,MN,overcast clouds
232,Copiapo,-27.3667,-70.3333,66.2,72,75,9.22,CL,broken clouds
233,Pombas,17.1503,-25.0201,71.6,83,40,14.97,CV,scattered clouds
234,Qaanaaq,77.484,-69.3632,-14.55,62,0,5.12,GL,clear sky
235,Tombouctou,20.0,-3.0,69.57,20,0,12.21,ML,clear sky
236,Palmer,42.1584,-72.3287,15.01,48,40,13.8,US,scattered clouds
237,Pevek,69.7008,170.3133,-29.54,85,4,2.84,RU,clear sky
238,Tanout,14.9709,8.8879,63.28,25,0,12.66,NE,clear sky
239,Lompoc,34.6391,-120.4579,51.8,82,75,4.61,US,broken clouds
240,Sisimiut,66.9395,-53.6735,9.28,75,0,9.78,GL,clear sky
241,Dzaoudzi,-12.7887,45.2699,80.6,74,100,3.44,YT,heavy intensity rain
242,Waipawa,-41.4122,175.5153,61.0,63,75,20.71,NZ,broken clouds
243,Bathsheba,13.2167,-59.5167,77.0,78,40,11.5,BB,scattered clouds
244,Cabo San Lucas,22.8909,-109.9124,84.2,53,1,11.5,MX,clear sky
245,North Bend,43.4065,-124.2243,48.99,76,90,5.75,US,overcast clouds
246,Chake Chake,-5.2459,39.7666,78.48,83,0,9.37,TZ,clear sky
247,Kargasok,59.0556,80.8572,-31.43,83,0,7.65,RU,clear sky
248,Nang Rong,14.6377,102.7914,60.8,100,10,2.3,TH,mist
249,Kisangani,0.5167,25.2,72.18,90,92,1.92,CD,overcast clouds
250,Puerto Escondido,15.85,-97.0667,82.4,74,75,10.36,MX,broken clouds
251,Micheweni,-4.9667,39.8333,80.33,80,1,11.63,TZ,clear sky
252,Pacifica,37.6138,-122.4869,54.0,66,1,5.75,US,clear sky
253,Mount Gambier,-37.8333,140.7667,60.8,88,75,10.36,AU,broken clouds
254,Finale Ligure,44.1695,8.3436,51.8,87,0,3.44,IT,clear sky
255,Samarai,-10.6167,150.6667,83.32,73,85,6.76,PG,overcast clouds
256,Caravelas,-17.7125,-39.2481,77.32,81,0,7.23,BR,clear sky
257,Thompson,55.7435,-97.8558,10.4,79,90,4.61,CA,overcast clouds
258,Bloomingdale,27.8936,-82.2404,64.0,44,1,3.2,US,clear sky
259,Rocha,-34.4833,-54.3333,72.16,68,51,6.2,UY,broken clouds
260,Takoradi,4.8845,-1.7554,78.84,84,87,4.92,GH,overcast clouds
261,Galle,6.0367,80.217,75.94,87,97,2.15,LK,overcast clouds
262,Eenhana,-17.4667,16.3333,77.0,78,98,2.3,NA,light rain
263,Brae,60.3964,-1.353,33.8,75,27,11.5,GB,scattered clouds
264,Port Lincoln,-34.7333,135.8667,63.14,66,71,10.51,AU,broken clouds
265,Mazamari,-11.3258,-74.5308,74.5,82,100,1.19,PE,overcast clouds
266,Sipe Sipe,-17.45,-66.3833,68.0,52,75,3.44,BO,broken clouds
267,Nalut,30.3333,10.85,51.33,46,0,2.53,LY,clear sky
268,Hervey Bay,-25.2986,152.8535,80.01,72,12,11.99,AU,few clouds
269,Tutoia,-2.7619,-42.2744,80.08,82,97,12.46,BR,overcast clouds
270,Mineiros,-17.5694,-52.5511,70.65,89,96,5.44,BR,overcast clouds
271,Shimoda,34.6667,138.95,41.0,52,20,4.61,JP,few clouds
272,Kalmunai,7.4167,81.8167,75.04,90,71,8.34,LK,broken clouds
273,Juneau,58.3019,-134.4197,28.4,74,90,4.61,US,light snow
274,Aras,42.5617,-2.356,44.6,93,0,1.9,ES,clear sky
275,Sao Joao Da Barra,-21.6403,-41.0511,80.6,69,0,20.71,BR,clear sky
276,Zhangye,38.9342,100.4517,18.01,74,0,4.68,CN,clear sky
277,Makakilo City,21.3469,-158.0858,80.6,50,90,12.66,US,overcast clouds
278,Kaeo,-35.1,173.7833,66.0,79,37,7.0,NZ,scattered clouds
279,Yining,29.0361,114.5636,46.98,63,98,0.45,CN,overcast clouds
280,Petropavlovsk-Kamchatskiy,53.0452,158.6483,12.2,73,73,6.71,RU,broken clouds
281,Cantanhede,-3.6333,-44.3767,75.13,95,100,2.59,BR,overcast clouds
282,Astoria,46.1879,-123.8313,44.01,87,90,13.8,US,mist
283,Mastic Beach,40.7668,-72.8521,21.99,42,1,19.57,US,clear sky
284,Atar,20.5169,-13.0499,67.69,24,0,8.88,MR,clear sky
285,Biggar,55.6167,-3.5167,35.01,10,71,1.99,GB,broken clouds
286,Lishan,31.8576,113.2951,41.81,64,89,1.54,CN,overcast clouds
287,Bambous Virieux,-20.3428,57.7575,80.6,78,40,6.91,MU,light rain
288,Batemans Bay,-35.7167,150.1833,71.01,96,100,3.0,AU,overcast clouds
289,Abucay,14.7667,120.4833,73.4,68,75,10.36,PH,broken clouds
290,Mnogovershinnyy,53.9353,139.9242,-9.24,92,100,4.61,RU,overcast clouds
291,Ponta Delgada,37.7333,-25.6667,59.0,94,20,8.05,PT,few clouds
292,Touros,-5.1989,-35.4608,80.6,78,20,12.66,BR,few clouds
293,Neiafu,-18.65,-173.9833,77.0,94,90,8.05,TO,light rain
294,Dingle,10.9995,122.6711,74.08,90,100,11.81,PH,overcast clouds
295,Fredericksburg,38.3032,-77.4605,30.2,22,1,8.05,US,clear sky
296,Vanimo,-2.6741,141.3028,80.01,79,100,8.63,PG,overcast clouds
297,Kenora,49.8167,-94.4337,15.8,79,75,9.22,CA,broken clouds
298,Alice Springs,-23.7,133.8833,88.0,54,40,17.27,AU,scattered clouds
299,Luderitz,-26.6481,15.1594,70.7,38,0,21.5,NA,clear sky
300,Cayenne,4.9333,-52.3333,77.0,100,75,1.14,GF,light rain
301,Nanortalik,60.1432,-45.2371,32.61,90,100,8.14,GL,overcast clouds
302,Northam,51.0333,-4.2167,46.99,93,100,5.99,GB,moderate rain
303,Daru,-9.0763,143.2092,78.12,85,100,13.0,PG,overcast clouds
304,Behshahr,36.6923,53.5526,53.13,54,100,6.31,IR,overcast clouds
305,Turukhansk,65.8167,87.9833,-30.08,77,98,5.48,RU,overcast clouds
306,Saurimo,-9.6608,20.3916,64.87,95,74,2.04,AO,broken clouds
307,Te Anau,-45.4167,167.7167,55.38,60,31,1.23,NZ,scattered clouds
308,Ulladulla,-35.35,150.4667,69.8,100,90,5.75,AU,light rain
309,Miri,4.4148,114.0089,77.0,100,20,2.3,MY,few clouds
310,Saint-Joseph,-21.3667,55.6167,77.0,65,0,6.91,RE,clear sky
311,Khandyga,62.6667,135.6,-52.92,75,81,0.4,RU,broken clouds
312,Saint-Louis,16.3333,-15.0,77.0,23,0,2.3,SN,clear sky
313,Lahaina,20.8783,-156.6825,80.6,54,20,24.16,US,few clouds
314,Ust-Maya,60.4167,134.5333,-50.03,75,80,0.74,RU,broken clouds
315,Deputatskiy,69.3,139.9,-30.62,86,100,2.04,RU,overcast clouds
316,Aripuana,-9.1667,-60.6333,75.31,95,99,1.21,BR,overcast clouds
317,Rawson,-43.3002,-65.1023,58.23,57,20,16.67,AR,few clouds
318,Xuddur,4.1213,43.8894,66.96,70,1,14.83,SO,clear sky
319,Xingcheng,40.6167,120.7167,19.49,85,0,12.91,CN,clear sky
320,Aswan,24.0934,32.907,52.14,45,0,8.41,EG,clear sky
321,Kasane,-17.8167,25.15,67.69,98,99,3.85,BW,light rain
322,Jardim,-21.4803,-56.1381,75.92,86,99,5.7,BR,overcast clouds
323,Shakawe,-18.3667,21.85,68.49,92,100,4.5,BW,overcast clouds
324,Port Hawkesbury,45.6169,-61.3485,26.01,74,20,3.44,CA,few clouds
325,Port Hedland,-20.3167,118.5667,84.2,79,49,6.91,AU,scattered clouds
326,Kavieng,-2.5744,150.7967,83.07,81,93,14.36,PG,light rain
327,Lancaster,40.2504,-76.2499,26.01,67,99,1.99,US,overcast clouds
328,Tabas,33.5959,56.9244,53.6,16,90,4.61,IR,overcast clouds
329,Mokhsogollokh,61.4681,128.9203,-43.01,80,100,0.94,RU,overcast clouds
330,Vila Franca Do Campo,37.7167,-25.4333,59.0,94,20,8.05,PT,few clouds
331,Christchurch,-43.5333,172.6333,62.01,58,90,8.05,NZ,overcast clouds
332,Turayf,31.6725,38.6637,41.0,100,20,13.8,SA,few clouds
333,Zhigansk,66.7697,123.3711,-44.9,77,86,8.52,RU,overcast clouds
334,Fuquay-Varina,35.5843,-78.8,36.0,45,0,4.83,US,clear sky
335,Komsomolskiy,40.4272,71.7189,32.0,47,61,6.91,UZ,broken clouds
336,Seminole,28.7086,-81.2081,60.01,58,1,10.36,US,clear sky
337,Stribro,49.7529,13.0041,42.8,93,90,12.66,CZ,overcast clouds
338,Teknaf,20.8624,92.3058,60.82,58,0,7.65,BD,clear sky
339,Bilibino,68.0546,166.4372,-25.22,79,10,4.79,RU,clear sky
340,Ngorongoro,-3.2397,35.4875,53.02,95,100,3.38,TZ,light rain
341,Moose Factory,51.2585,-80.6094,1.4,78,90,9.22,CA,light snow
342,Morehead,37.2711,-87.1764,37.99,44,1,5.75,US,clear sky
343,Vestmannaeyjar,63.4427,-20.2734,36.68,78,98,6.4,IS,overcast clouds
344,Havelock,34.8791,-76.9013,35.6,44,1,8.05,US,clear sky
345,Comodoro Rivadavia,-45.8667,-67.5,60.8,44,20,10.36,AR,few clouds
346,Meadow Lake,34.8014,-106.5436,59.0,28,40,18.41,US,scattered clouds
347,Progreso,21.2833,-89.6667,77.0,57,40,9.22,MX,scattered clouds
348,Wanaka,-44.7,169.15,58.05,54,0,3.44,NZ,clear sky
349,Kangaatsiaq,68.3065,-53.4641,7.02,92,5,3.13,GL,clear sky
350,San Rafael,-34.6177,-68.3301,80.6,39,75,3.44,AR,broken clouds
351,Sarangani,5.4033,125.4636,81.46,74,71,17.87,PH,broken clouds
352,Bonfim,3.0833,-59.95,83.84,54,87,8.16,BR,overcast clouds
353,Alihe,50.5667,123.7167,-23.3,84,99,0.96,CN,overcast clouds
354,Pitimbu,-7.4706,-34.8086,80.6,78,20,8.05,BR,few clouds
355,Norilsk,69.3535,88.2027,-31.7,66,14,1.43,RU,few clouds
356,Codrington,-38.2667,141.9667,61.2,77,100,10.67,AU,overcast clouds
357,Lugo,43.0,-7.5,54.0,89,100,4.0,ES,light rain
358,Steyr,48.0427,14.4213,45.0,81,75,17.27,AT,broken clouds
359,Sola,-13.8833,167.55,84.2,84,75,15.46,VU,broken clouds
360,Belmonte,-15.8631,-38.8828,78.8,69,20,12.66,BR,few clouds
361,Synya,65.3718,58.0387,-8.59,87,100,2.15,RU,overcast clouds
362,Fortuna,40.5982,-124.1573,54.0,71,75,6.91,US,broken clouds
363,Charlestown,-32.95,151.6667,75.0,96,99,4.0,AU,light rain
364,Ures,29.4333,-110.4,70.0,46,56,8.01,MX,broken clouds
365,Zhovtneve,50.6637,24.2492,17.29,96,82,4.45,UA,broken clouds
366,Myanaung,18.2833,95.3167,70.52,75,2,0.36,MM,clear sky
367,San Lawrenz,36.0553,14.204,62.6,72,0,19.57,MT,clear sky
368,Pueblo Nuevo Solistahuacan,17.1,-92.8833,80.6,54,40,18.41,MX,scattered clouds
369,Inirida,3.8653,-67.9239,80.74,69,29,2.24,CO,scattered clouds
370,Saint-Francois,46.4154,3.9054,44.01,87,0,6.91,FR,clear sky
371,Iberia,29.9502,-91.7507,57.2,62,1,6.91,US,clear sky
372,Puerto Leguizamo,-0.1934,-74.7819,82.17,61,3,2.68,CO,clear sky
373,Aranos,-24.1333,19.1167,77.79,48,83,10.04,NA,broken clouds
374,Vardo,70.3705,31.1107,21.2,86,75,16.11,NO,light snow
375,Asau,46.4333,26.4,37.99,59,98,5.12,RO,overcast clouds
376,Santa Cruz,-17.8,-63.1667,75.2,94,75,17.27,BO,broken clouds
377,Nara,34.6851,135.8049,37.0,64,75,6.91,JP,broken clouds
378,Necochea,-38.5473,-58.7368,70.0,70,79,3.0,AR,broken clouds
379,Sao Luis,-2.5297,-44.3028,80.6,83,40,6.91,BR,scattered clouds
380,Sao Jose Da Tapera,-9.5583,-37.3811,77.47,69,100,12.75,BR,overcast clouds
381,Ormara,25.2088,64.6357,65.75,44,0,4.83,PK,clear sky
382,Birakan,49.0167,131.7,-23.69,84,11,2.91,RU,few clouds
383,Padang,-0.9492,100.3543,73.4,100,75,2.3,ID,broken clouds
384,Zhangjiakou,40.81,114.8794,20.32,82,0,4.9,CN,clear sky
385,Meulaboh,4.1363,96.1285,74.8,87,100,5.84,ID,overcast clouds
386,Tessalit,20.1986,1.0114,63.84,25,0,13.29,ML,clear sky
387,Neringa,55.3719,21.0647,28.4,100,75,6.71,LT,light snow
388,Hokitika,-42.7167,170.9667,61.88,52,0,5.68,NZ,clear sky
389,Bandarbeyla,9.4942,50.8122,72.7,75,29,9.86,SO,scattered clouds
390,Arlit,18.7369,7.3853,59.74,29,20,3.78,NE,few clouds
391,Taunggyi,20.7833,97.0333,52.83,96,31,4.52,MM,scattered clouds
392,Sao Filipe,14.8961,-24.4956,75.31,56,86,7.96,CV,overcast clouds
393,Talnakh,69.4865,88.3972,-32.03,66,1,2.3,RU,clear sky
394,Jingdezhen,29.2947,117.2079,39.79,72,63,3.02,CN,broken clouds
395,Babu,24.4167,111.5167,51.3,53,11,1.57,CN,few clouds
396,Ust-Nera,64.5667,143.2,-17.16,79,100,3.58,RU,overcast clouds
397,Katsuura,35.1333,140.3,39.2,41,20,11.5,JP,few clouds
398,Mitsamiouli,-11.3847,43.2844,82.92,70,100,8.1,KM,light rain
399,Okha,53.5739,142.9478,-6.09,89,99,9.37,RU,overcast clouds
400,Irun,43.339,-1.7894,60.01,93,93,3.44,ES,overcast clouds
401,Tiksi,71.6872,128.8694,-32.01,84,100,4.23,RU,overcast clouds
402,Mathathane,-22.2687,28.7495,74.52,75,37,10.18,BW,scattered clouds
403,Vorobyevka,50.6451,40.9245,33.04,95,100,21.47,RU,snow
404,Tadine,-21.55,167.8833,78.75,71,59,17.58,NC,broken clouds
405,Jizan,17.3333,42.6667,75.2,83,40,3.44,SA,scattered clouds
406,Havoysund,70.9963,24.6622,17.6,73,40,3.44,NO,scattered clouds
407,Aguimes,27.9054,-15.4461,69.01,94,40,8.05,ES,scattered clouds
408,Lakselv,70.0513,24.9718,12.2,73,90,12.66,NO,overcast clouds
409,Porto Novo,6.4965,2.6036,84.2,84,40,12.66,BJ,scattered clouds
410,Inongo,-1.95,18.2667,74.05,86,98,3.47,CD,light rain
411,Liverpool,53.4106,-2.9779,42.8,87,90,18.41,GB,overcast clouds
412,Biak,-0.9131,122.8766,76.89,71,100,3.44,ID,overcast clouds
413,Catarman,12.4989,124.6377,75.11,88,100,18.01,PH,overcast clouds
414,Aykhal,66.0,111.5,-36.08,80,91,7.72,RU,overcast clouds
415,Ambon,-3.6954,128.1814,84.2,70,40,2.3,ID,scattered clouds
416,Nanakuli,21.3906,-158.1547,80.6,50,90,12.66,US,overcast clouds
417,Aktau,43.65,51.2,26.6,93,0,8.95,KZ,clear sky
418,Qaqortoq,60.7167,-46.0333,44.6,29,75,24.16,GL,broken clouds
419,Luba,3.4568,8.5547,78.8,83,20,5.75,GQ,few clouds
420,Cabatuan,10.8794,122.486,73.94,88,100,17.29,PH,overcast clouds
421,Villa Union,23.2,-106.2333,80.6,44,75,12.66,MX,broken clouds
422,Westonaria,-26.3191,27.6486,64.99,96,45,5.79,ZA,scattered clouds
423,Nouadhibou,20.931,-17.0347,69.8,49,0,14.97,MR,clear sky
424,Banka,24.8833,86.9167,46.09,66,0,6.73,IN,clear sky
425,Tura,25.5198,90.2201,53.83,55,0,1.81,IN,clear sky
426,Nizhniy Kuranakh,58.8353,125.4869,-35.1,80,100,1.28,RU,overcast clouds
427,Harper,4.375,-7.7169,78.1,86,88,5.57,LR,overcast clouds
428,Seymchan,62.8833,152.4333,-22.95,85,100,3.62,RU,overcast clouds
429,Batagay-Alyta,67.8006,130.4114,-30.06,82,100,1.59,RU,overcast clouds
430,Ekhabi,53.5102,142.9671,-6.36,89,100,9.78,RU,overcast clouds
431,Binga,-17.6203,27.3414,72.61,86,100,2.93,ZW,overcast clouds
432,Zhuhai,22.2769,113.5678,60.8,72,0,13.8,CN,clear sky
433,Wamba,8.9333,8.6,75.6,19,0,5.59,NG,clear sky
434,Oranjestad,12.524,-70.027,78.8,78,20,14.97,AW,few clouds
435,Ouango,4.3133,22.5552,70.43,88,91,3.67,CF,overcast clouds
436,Marzuq,14.4,46.4667,58.06,36,0,3.85,YE,clear sky
437,General Pico,-35.6566,-63.7568,74.82,41,90,23.22,AR,moderate rain
438,Benicarlo,40.4165,0.4271,54.0,70,69,5.01,ES,broken clouds
439,Coquimbo,-29.9533,-71.3436,62.6,88,75,11.5,CL,broken clouds
440,Leninskoye,41.7589,69.3864,33.8,55,0,2.3,KZ,clear sky
441,Bonnyville,54.2668,-110.735,8.6,66,1,2.3,CA,clear sky
442,George,-33.963,22.4617,59.0,88,0,3.44,ZA,clear sky
443,Andenes,69.3143,16.1194,21.2,79,20,12.66,NO,few clouds
444,Visnes,59.3556,5.2242,33.01,93,90,11.5,NO,light snow
445,Lazaro Cardenas,17.9583,-102.2,83.53,59,100,9.73,MX,overcast clouds
446,Hohhot,40.8106,111.6522,3.2,78,0,4.47,CN,clear sky
447,Rio Pardo De Minas,-15.6097,-42.5397,72.57,64,47,5.37,BR,scattered clouds
448,Ahipara,-35.1667,173.1667,68.13,65,5,8.16,NZ,clear sky
449,Columbus,39.9612,-82.9988,30.0,46,40,6.91,US,scattered clouds
450,Praia,14.9215,-23.5087,73.4,56,75,19.57,CV,broken clouds
451,Beregovoy,55.173,73.2198,3.2,85,96,2.42,RU,fog
452,Ilulissat,69.2167,-51.1,1.4,55,0,8.05,GL,clear sky
453,Terney,45.0503,136.6092,-4.79,86,67,16.28,RU,broken clouds
454,Ribeira Grande,38.5167,-28.7,60.48,80,5,16.67,PT,clear sky
455,La Rioja,42.25,-2.5,44.6,93,0,6.96,ES,clear sky
456,Nelson Bay,-32.7167,152.15,80.01,78,75,5.75,AU,light rain
457,Eyl,7.9803,49.8164,70.5,82,1,11.43,SO,clear sky
458,Colares,38.7992,-9.4469,59.0,100,100,17.16,PT,overcast clouds
459,Beni Suef,29.0731,31.0979,42.08,76,0,1.99,EG,clear sky
460,Harrison,30.4091,-89.0436,53.6,50,1,3.44,US,clear sky
461,Krasnoselkup,65.7,82.4667,-31.59,79,46,4.92,RU,scattered clouds
462,Grindavik,63.8424,-22.4338,35.6,75,75,6.91,IS,broken clouds
463,Porto Velho,-8.7619,-63.9039,78.8,83,40,4.61,BR,light rain
464,Camacha,33.0833,-16.3333,62.6,82,75,8.05,PT,broken clouds
465,Evensk,61.95,159.2333,-3.82,83,99,13.98,RU,overcast clouds
466,Agadir,30.4202,-9.5982,53.6,82,0,3.44,MA,clear sky
467,Sakakah,29.9697,40.2064,48.2,53,0,14.97,SA,clear sky
468,Darhan,49.4867,105.9228,0.27,89,95,3.96,MN,overcast clouds
469,Wuhan,30.5833,114.2667,46.4,49,0,4.47,CN,clear sky
470,Bjelovar,45.8986,16.8489,37.99,93,100,5.75,HR,overcast clouds
471,Zaysan,47.4667,84.8667,-0.08,89,84,0.76,KZ,broken clouds
472,Tiarei,-17.5333,-149.3333,84.2,65,20,14.97,PF,moderate rain
473,Kaufbeuren,47.8833,10.6167,39.99,87,100,24.16,DE,overcast clouds
474,Sumkino,58.1108,68.3244,4.08,94,100,8.97,RU,overcast clouds
475,Mehran,33.1222,46.1646,39.2,93,90,2.3,IR,mist
476,Lethem,3.3803,-59.7968,83.25,55,70,8.48,GY,broken clouds
477,Poum,-20.2333,164.0167,80.87,71,4,12.35,NC,clear sky
478,Labuhan,-6.8844,112.2051,77.38,88,100,16.82,ID,light rain
479,Solyanka,46.3889,48.0176,28.4,93,90,1.81,RU,fog
480,Tilichiki,60.4667,166.1,-3.87,93,89,11.54,RU,overcast clouds
481,Tucuman,-26.8241,-65.2226,91.4,52,20,2.3,AR,few clouds
482,Kudahuvadhoo,2.6708,72.8944,80.85,79,62,15.93,MV,broken clouds
483,Geraldton,-28.7667,114.6,84.2,24,0,26.46,AU,clear sky
484,Namibe,-15.1961,12.1522,74.01,74,49,7.78,AO,scattered clouds
485,Sanguem,15.2333,74.1667,71.6,94,33,3.44,IN,mist
486,Karlstad,59.3793,13.5036,8.6,100,0,3.44,SE,clear sky
487,Okhotsk,59.3833,143.3,-13.59,83,0,6.4,RU,clear sky
488,Sri Aman,1.2376,111.4621,75.2,100,100,2.01,MY,moderate rain
489,Cabedelo,-6.9811,-34.8339,80.6,78,20,8.05,BR,few clouds
490,Saint George,37.1041,-113.5841,46.4,66,90,11.5,US,overcast clouds
491,Hwange,-18.3693,26.5019,68.34,92,100,1.14,ZW,overcast clouds
492,Ilinskiy,55.619,38.1182,28.4,80,75,11.18,RU,light snow
493,Vieux Fort,13.7167,-60.95,80.6,69,40,10.36,LC,scattered clouds
494,Vila,42.0304,-8.1588,50.0,95,100,10.07,PT,light rain
495,Mtsensk,53.2766,36.5733,20.62,97,77,11.43,RU,broken clouds
496,Leh,34.1667,77.5833,-1.14,65,16,2.59,IN,few clouds
497,Tome,-36.6167,-72.95,59.0,100,90,8.05,CL,mist
498,Peniche,39.3558,-9.3811,57.99,96,100,11.99,PT,overcast clouds
499,Saint-Georges,12.0564,-61.7485,78.8,78,40,17.27,GD,scattered clouds
500,Beloretsk,53.9631,58.3981,5.0,85,90,2.24,RU,light snow
501,Dicabisagan,17.0818,122.4157,68.94,81,99,13.51,PH,overcast clouds
502,Abancay,-13.6339,-72.8814,64.29,59,30,5.32,PE,scattered clouds
503,Red Deer,52.2668,-113.802,8.6,78,1,2.53,CA,haze
504,Russell,32.3502,-85.1999,57.2,43,1,1.28,US,clear sky
505,Shu,43.5983,73.7614,16.02,85,0,0.94,KZ,clear sky
506,Hasaki,35.7333,140.8333,35.6,38,20,11.5,JP,few clouds
507,Vao,-22.6667,167.4833,75.72,74,87,21.52,NC,overcast clouds
508,Airai,-8.9266,125.4092,62.8,100,100,4.23,TL,overcast clouds
509,Wilmington,34.2257,-77.9447,39.99,41,1,5.75,US,clear sky
510,Turbat,26.0023,63.044,53.58,44,0,0.96,PK,clear sky
511,Acapulco,16.8634,-99.8901,84.2,70,75,10.36,MX,broken clouds
512,Doha,25.2867,51.5333,69.01,77,0,5.75,QA,clear sky
513,Onega,63.9061,38.1404,22.69,96,100,11.03,RU,overcast clouds
514,Bac Lieu,9.285,105.7244,73.81,78,100,11.3,VN,overcast clouds
515,Kenitra,34.261,-6.5802,51.8,100,75,3.83,MA,broken clouds
516,Lebanon,36.2081,-86.2911,41.0,42,1,4.0,US,clear sky
517,Bataipora,-22.2953,-53.2711,71.6,89,99,3.33,BR,overcast clouds
518,Murakami,38.2333,139.4833,30.2,86,75,28.77,JP,light snow
519,Sibut,5.718,19.0739,75.88,47,74,2.01,CF,broken clouds
520,Bismil,37.8486,40.6658,39.2,87,75,5.75,TR,broken clouds
521,Naryan-Mar,67.6713,53.087,-10.14,84,100,14.79,RU,overcast clouds
522,Kigorobya,1.6162,31.3089,76.98,46,75,4.85,UG,broken clouds
523,Chuy,-33.6971,-53.4616,70.95,86,1,5.39,UY,clear sky
524,Bengkulu,-3.8004,102.2655,74.95,86,100,4.54,ID,overcast clouds
525,Olovi,50.2511,12.5588,37.99,85,98,1.01,CZ,overcast clouds
526,Timra,62.487,17.3257,7.0,85,17,4.61,SE,few clouds
527,Bosaso,11.2842,49.1816,71.51,79,2,2.62,SO,clear sky
528,Ballina,-28.8667,153.5667,78.8,69,90,9.22,AU,overcast clouds
529,Wheatley,51.7473,-1.1394,46.4,87,90,2.3,GB,overcast clouds
530,Sakleshpur,12.9667,75.7833,61.39,86,0,6.17,IN,clear sky
531,Pudozh,61.8099,36.5345,21.04,97,100,6.71,RU,overcast clouds
532,Umred,20.85,79.3333,59.0,44,8,5.75,IN,haze
533,Fairbanks,64.8378,-147.7164,7.0,77,1,2.28,US,clear sky
534,Virpur,23.1833,73.4833,54.86,39,10,10.31,IN,clear sky
535,Tabuk,17.4189,121.4443,63.68,89,79,6.69,PH,broken clouds
536,Camana,-16.6228,-72.7111,72.48,70,0,6.98,PE,clear sky
537,Gornopravdinsk,60.05,69.9,-20.83,84,64,7.25,RU,broken clouds
538,Solnechnyy,50.7214,136.6319,-7.04,88,100,4.94,RU,light snow
539,Sturlic,45.0639,15.7781,36.0,91,100,1.01,BA,overcast clouds
540,Portland,45.5234,-122.6762,48.0,66,90,4.61,US,overcast clouds
541,Wattegama,6.7989,81.4808,71.31,93,75,4.29,LK,broken clouds
542,Roma,43.2128,-75.4557,6.8,61,1,5.75,US,clear sky
543,Krasnaya Gora,52.9995,31.6023,24.8,86,90,13.42,RU,overcast clouds
544,Kurumkan,54.3,110.3,-20.36,79,100,2.62,RU,overcast clouds
545,Tocache,-8.1842,-76.5125,76.03,86,87,0.96,PE,overcast clouds
546,Izumo,35.3667,132.7667,33.8,75,40,8.05,JP,scattered clouds
547,Iracoubo,5.4802,-53.2011,77.04,89,100,13.22,GF,heavy intensity rain
548,Mount Vernon,40.9126,-73.8371,24.01,42,1,13.8,US,clear sky
549,Avera,33.194,-82.5271,44.6,53,1,3.04,US,clear sky
550,Saint Anthony,45.0205,-93.218,25.0,68,90,11.5,US,overcast clouds
551,Puerto Del Rosario,28.5004,-13.8627,64.4,77,0,5.75,ES,clear sky
552,Ustye,59.6304,39.736,20.34,97,100,10.89,RU,light snow
553,Melfi,40.9965,15.6514,42.8,81,90,26.46,IT,fog
554,Knysna,-34.0363,23.0471,59.0,88,0,3.44,ZA,clear sky
555,San Francisco,37.7749,-122.4194,55.4,67,75,4.61,US,broken clouds
556,Banda Aceh,5.5577,95.3222,77.81,80,73,13.31,ID,broken clouds
557,Berdigestyakh,62.0989,126.6992,-44.54,77,100,1.57,RU,overcast clouds
558,Palu,-0.8917,119.8707,73.87,79,93,2.66,ID,overcast clouds
559,Salalah,17.0151,54.0924,71.6,64,75,4.61,OM,broken clouds
560,Maceio,-9.6658,-35.7353,77.0,94,75,4.61,BR,broken clouds
561,Zlobin,45.2924,14.6541,48.2,87,40,2.3,HR,scattered clouds
562,Matadi,-5.8167,13.45,75.51,91,100,2.68,CD,overcast clouds
563,Polysayevo,54.6012,86.2459,18.32,97,100,11.99,RU,light snow
564,Waslala,13.2333,-85.3833,68.0,64,20,18.41,NI,few clouds
565,Urubicha,-15.3833,-62.95,74.91,95,100,2.42,BO,light rain
566,Belyy Yar,53.6039,91.3903,23.0,74,0,15.3,RU,clear sky
567,Atasu,48.6814,71.6433,17.15,90,0,9.75,KZ,clear sky
568,Dingzhou,38.5131,114.9956,17.6,57,0,2.24,CN,clear sky
569,Chernyshevskiy,63.0128,112.4714,-45.58,80,82,3.6,RU,broken clouds
570,Fougamou,-1.2154,10.5838,75.24,91,100,2.33,GA,moderate rain
571,Ketchikan,55.3422,-131.6461,35.6,75,90,11.5,US,overcast clouds
572,Igarka,67.4667,86.5833,-29.74,76,50,4.38,RU,scattered clouds
573,Constitucion,-35.3333,-72.4167,62.35,90,100,5.06,CL,overcast clouds
574,Kununurra,-15.7667,128.7333,80.6,94,40,10.36,AU,scattered clouds
575,Mangrol,21.1167,70.1167,61.66,32,48,12.53,IN,scattered clouds
576,Vaitape,-16.5167,-151.75,80.58,68,71,3.8,PF,light rain
577,Manyana,-23.4,21.7167,70.56,78,91,6.04,BW,light rain
578,Madison,34.7334,-86.5667,46.0,42,1,1.77,US,clear sky
579,Faanui,-16.4833,-151.75,80.46,68,71,3.58,PF,light rain
580,Khani,41.9563,42.9566,42.8,100,90,2.3,GE,overcast clouds
581,Loanda,-8.8368,13.2343,80.6,78,20,5.75,AO,few clouds
582,Tarko-Sale,64.9225,77.785,-37.95,82,9,8.66,RU,clear sky
583,Lithakia,37.7167,20.8333,55.4,94,56,9.22,GR,broken clouds
584,Kemijarvi,66.7131,27.4306,8.38,94,100,6.78,FI,overcast clouds
585,Borascu,44.7,23.2833,43.0,87,75,4.61,RO,broken clouds
586,Maracaibo,10.6317,-71.6406,80.65,64,96,11.7,VE,overcast clouds
587,Haines Junction,60.7522,-137.5108,-0.4,71,100,1.14,CA,overcast clouds
588,Mata Grande,-9.1175,-37.7322,73.63,76,100,9.86,BR,overcast clouds
589,Bone,51.9669,12.1396,32.0,95,99,3.0,DE,light snow
590,Milici,44.1711,19.0903,41.0,100,75,2.3,BA,mist
591,Bima,-8.4667,118.7167,77.65,87,100,1.07,ID,overcast clouds
592,Sinnamary,5.3833,-52.95,77.23,88,98,13.2,GF,moderate rain
593,Wewak,-3.5534,143.6268,80.82,81,99,5.08,PG,overcast clouds
594,Jumla,29.2747,82.1838,26.08,67,0,3.83,NP,clear sky
595,Kharp,66.8014,65.8081,-37.75,79,55,1.19,RU,broken clouds
596,Bam,29.106,58.357,61.21,30,86,9.06,IR,overcast clouds
597,Carmen,18.6333,-91.8333,75.2,73,90,9.22,MX,overcast clouds
598,Shingu,33.7333,135.9833,37.4,56,40,10.36,JP,scattered clouds
599,Yangambi,0.8102,24.4336,72.39,88,88,1.9,CD,overcast clouds
600,Sangar,63.9242,127.4739,-49.38,75,100,1.66,RU,overcast clouds
601,Suda,59.1525,37.5582,26.6,93,90,6.71,RU,light snow
602,Gushikawa,26.3544,127.8686,57.2,81,1,4.61,JP,clear sky
603,Genhe,50.7833,121.5167,-31.31,81,95,1.57,CN,overcast clouds
604,Cabra,37.4725,-4.4421,55.4,100,90,3.44,ES,mist
605,Sierpc,52.8568,19.6691,27.82,97,91,1.28,PL,light snow
606,Aljezur,37.3191,-8.8033,55.99,100,95,1.99,PT,overcast clouds
607,Aktas,49.7789,72.9608,-5.8,84,0,8.95,KZ,clear sky
608,Garowe,8.4054,48.4845,62.62,90,0,9.71,SO,clear sky
609,Mangan,27.5167,88.5333,44.53,51,8,8.75,IN,clear sky
610,Hammerfest,70.6634,23.6821,17.6,73,40,3.44,NO,scattered clouds
611,Port Augusta,-32.5,137.7667,69.01,68,90,11.5,AU,overcast clouds
612,Kongoussi,13.3258,-1.5347,73.72,19,0,10.18,BF,clear sky
613,Arrecife,28.963,-13.5477,62.6,94,20,2.3,ES,fog
614,Am Timan,11.0297,20.2827,74.14,20,3,8.7,TD,clear sky
615,Damaturu,11.747,11.9608,67.86,24,0,10.94,NG,clear sky
616,Mount Isa,-20.7333,139.5,93.2,38,72,8.05,AU,broken clouds
617,Guerrero Negro,27.9769,-114.0611,66.13,61,1,16.55,MX,clear sky
618,Sorong,-0.8833,131.25,79.72,79,100,4.74,ID,overcast clouds
619,Buraydah,26.326,43.975,55.4,50,0,6.91,SA,clear sky
620,Pundaguitan,6.3711,126.1689,80.11,78,67,13.15,PH,broken clouds
621,Paita,-5.0892,-81.1144,76.69,72,9,15.57,PE,clear sky
622,Champasak,14.75,106.0,60.66,84,28,1.1,LA,scattered clouds
623,Kongolo,-5.3833,27.0,69.51,92,79,0.89,CD,broken clouds
624,Hazorasp,41.3194,61.0742,41.0,60,99,9.22,UZ,overcast clouds
625,Impfondo,1.6381,18.0667,72.57,90,70,0.83,CG,light rain
626,Rapid Valley,44.0625,-103.1463,48.0,49,1,6.91,US,clear sky
627,Boa Vista,2.8197,-60.6733,86.0,51,75,6.91,BR,broken clouds
628,Ankpa,7.3706,7.6253,75.76,18,5,0.4,NG,clear sky
629,Corowa,-36.0333,146.3833,69.01,97,85,4.68,AU,overcast clouds
630,Herat,34.5,62.0,44.8,47,9,5.17,AF,clear sky
631,Amboasary,-25.0333,46.3833,82.4,83,20,18.41,MG,few clouds
632,Escanaba,45.7453,-87.0646,21.99,58,1,3.44,US,clear sky
633,San Policarpo,12.1791,125.5072,78.06,83,100,24.23,PH,overcast clouds
634,Kasongo-Lunda,-6.4667,16.8167,69.78,90,100,1.1,CD,light rain
635,Susuman,62.7833,148.1667,-24.72,82,100,3.51,RU,overcast clouds
636,Puri,19.8,85.85,64.4,88,20,3.47,IN,mist
637,Kletnya,53.3897,33.2171,22.21,97,97,10.78,RU,snow
638,Orumiyeh,37.5527,45.0761,33.8,93,75,4.61,IR,broken clouds
639,Cobija,-11.0267,-68.7692,84.2,74,40,6.91,BO,scattered clouds
640,Mersing,2.4312,103.8405,78.8,78,77,14.97,MY,broken clouds
641,Novikovo,51.1537,37.8879,28.08,98,100,10.69,RU,light snow
642,Shibetsu,43.659,145.132,27.3,97,100,3.62,JP,light snow
643,Nokaneng,-19.6667,22.2667,70.65,85,45,5.39,BW,moderate rain
644,Mumford,5.2618,-0.759,79.32,82,100,7.54,GH,overcast clouds
645,Alta Floresta,-9.8756,-56.0861,78.8,89,75,4.61,BR,broken clouds
646,Manakara,-22.1333,48.0167,75.76,89,0,6.33,MG,clear sky
647,Kolpny,52.2282,37.0368,23.88,97,100,8.25,RU,overcast clouds
648,Jian,27.1172,114.9793,49.86,56,99,4.32,CN,overcast clouds
649,Tiznit,29.5833,-9.5,61.56,48,0,1.14,MA,clear sky
650,Samana,19.2056,-69.3369,75.2,94,40,5.28,DO,scattered clouds
651,Dunedin,-45.8742,170.5036,57.0,63,67,8.01,NZ,broken clouds
652,Kaseda,31.4167,130.3167,32.0,64,0,5.75,JP,clear sky
653,Kamaishi,39.2667,141.8833,24.8,68,40,5.75,JP,light snow
654,Shawinigan,46.5668,-72.7491,9.0,61,85,3.44,CA,overcast clouds
655,Opuwo,-18.0607,13.84,71.13,60,98,6.55,NA,overcast clouds
656,Forestville,38.8451,-76.875,32.0,37,75,13.8,US,broken clouds
657,Saint-Augustin,51.226,-58.6502,15.51,91,0,13.31,CA,clear sky
658,Nisia Floresta,-6.0911,-35.2086,80.6,78,20,13.8,BR,few clouds
659,Katobu,-4.9408,122.5276,76.71,91,99,4.41,ID,overcast clouds
660,Antalaha,-14.9003,50.2788,75.47,88,91,3.58,MG,overcast clouds
661,Sitangkai,4.6628,119.3928,81.21,79,62,17.25,PH,broken clouds
662,Kovacica,45.1117,20.6214,46.0,100,40,2.3,RS,scattered clouds
663,Ust-Omchug,61.15,149.6333,-30.03,79,84,5.59,RU,broken clouds
664,Asosa,10.0667,34.5333,66.15,26,75,9.24,ET,broken clouds
665,Gladstone,-23.85,151.25,80.6,65,90,12.66,AU,overcast clouds
666,Huangmei,30.1924,116.025,44.56,58,89,1.81,CN,overcast clouds
667,Bulgan,48.8125,103.5347,13.55,87,28,7.65,MN,scattered clouds
668,Flin Flon,54.7682,-101.865,14.0,85,90,3.44,CA,light snow
669,Vangaindrano,-23.35,47.6,75.83,90,39,6.4,MG,light rain
670,Dolores,-36.3132,-57.6792,78.46,38,61,2.82,AR,broken clouds
671,Kaoma,-14.7833,24.8,65.55,92,100,4.0,ZM,overcast clouds
672,San Juan,-31.5375,-68.5364,89.15,21,79,11.63,AR,broken clouds
673,Bluefields,12.0137,-83.7635,80.6,78,40,6.91,NI,scattered clouds
674,Balykshi,47.0667,51.8667,24.8,100,51,6.71,KZ,mist
675,Pinyug,60.251,47.7842,18.21,97,100,6.31,RU,light snow
676,Ucluelet,48.9329,-125.5528,43.0,93,90,20.71,CA,moderate rain
677,Greenville,35.6127,-77.3663,34.0,47,1,3.44,US,clear sky
678,Woodward,36.4337,-99.3904,55.4,47,1,16.11,US,clear sky
679,Umm Kaddadah,13.6017,26.6876,63.82,26,1,20.2,SD,clear sky
680,Ouesso,1.6136,16.0517,73.67,87,74,1.07,CG,light rain
681,Praya,14.9215,-23.5087,73.4,56,75,19.57,CV,broken clouds
682,Russellville,35.2784,-93.1338,50.0,50,75,4.61,US,broken clouds
683,Urumqi,43.801,87.6005,-0.4,85,90,2.24,CN,fog
684,Marawi,7.9986,124.2928,71.01,88,78,7.0,PH,broken clouds
685,Pangkalanbuun,-2.6833,111.6167,73.54,96,100,3.4,ID,light rain
686,Konongo,6.6167,-1.2167,73.42,88,97,1.48,GH,overcast clouds
687,Miandrivazo,-19.5167,45.4667,79.39,82,37,0.94,MG,scattered clouds
688,Ocampo,21.65,-101.5,68.32,25,57,8.39,MX,broken clouds
689,Natchez,31.5604,-91.4032,59.0,62,1,3.29,US,clear sky
